personid,firstname,lastname,email
1,Anna,Wallace,anna.wallace@someplace.com
2,Andrew,Lambert,andrew.lambert@someplace.com
3,Jasmine,Russell,jasmine.russell@someplace.com
4,Joan,Gibson,joan.gibson@someplace.com
5,Sebastian,Sutherland,sebastian.sutherland@someplace.com
6,Anthony,Robertson,anthony.robertson@someplace.com
7,Deirdre,Bailey,deirdre.bailey@someplace.com
8,Sebastian,Taylor,sebastian.taylor@someplace.com
9,Joseph,Ferguson,joseph.ferguson@someplace.com
10,Deirdre,Springer,deirdre.springer@someplace.com
11,Ella,Skinner,ella.skinner@someplace.com
12,Hannah,Roberts,hannah.roberts@someplace.com
13,Zoe,Wilson,zoe.wilson@someplace.com
14,Andrew,Hart,andrew.hart@someplace.com
15,Colin,Baker,colin.baker@someplace.com
16,Kylie,Kerr,kylie.kerr@someplace.com
17,Faith,Glover,faith.glover@someplace.com
18,Eric,Bower,eric.bower@someplace.com
19,Sally,Carr,sally.carr@someplace.com
20,Max,Jackson,max.jackson@someplace.com
21,Jason,Black,jason.black@someplace.com
22,Amelia,Walker,amelia.walker@someplace.com
23,Jacob,Poole,jacob.poole@someplace.com
24,Connor,MacDonald,connor.macdonald@someplace.com
25,Chloe,Ogden,chloe.ogden@someplace.com
26,Bernadette,Howard,bernadette.howard@someplace.com
27,Megan,Hamilton,megan.hamilton@someplace.com
28,James,Graham,james.graham@someplace.com
29,Jan,Murray,jan.murray@someplace.com
30,Theresa,Rutherford,theresa.rutherford@someplace.com
31,Brian,Knox,brian.knox@someplace.com
32,Abigail,Stewart,abigail.stewart@someplace.com
33,Liam,Bailey,liam.bailey@someplace.com
34,Thomas,Rutherford,thomas.rutherford@someplace.com
35,Michelle,Underwood,michelle.underwood@someplace.com
36,Boris,Rutherford,boris.rutherford@someplace.com
37,Katherine,Thomson,katherine.thomson@someplace.com
38,James,Russell,james.russell@someplace.com
39,Kevin,Hemmings,kevin.hemmings@someplace.com
40,Theresa,Hudson,theresa.hudson@someplace.com
41,Donna,Piper,donna.piper@someplace.com
42,Luke,Taylor,luke.taylor@someplace.com
43,Eric,Welch,eric.welch@someplace.com
44,Paul,Blake,paul.blake@someplace.com
45,Jan,Mackenzie,jan.mackenzie@someplace.com
46,Diane,Wallace,diane.wallace@someplace.com
47,Faith,Payne,faith.payne@someplace.com
48,Gordon,Hill,gordon.hill@someplace.com
49,Megan,Wright,megan.wright@someplace.com
50,Lisa,Abraham,lisa.abraham@someplace.com
